GDW_ID,RES_NAME,DAM_NAME,ALT_NAME,DAM_TYPE,LAKE_CTRL,RIVER,ALT_RIVER,MAIN_BASIN,SUB_BASIN,COUNTRY,SEC_CNTRY,ADMIN_UNIT,SEC_ADMIN,NEAR_CITY,ALT_CITY,YEAR_DAM,PRE_YEAR,YEAR_SRC,ALT_YEAR,REM_YEAR,TIMELINE,YEAR_TXT,DAM_HGT_M,ALT_HGT_M,DAM_LEN_M,ALT_LEN_M,AREA_SKM,AREA_POLY,AREA_REP,AREA_MAX,AREA_MIN,CAP_MCM,CAP_MAX,CAP_REP,CAP_MIN,DEPTH_M,DIS_AVG_LS,DOR_PC,ELEV_MASL,CATCH_SKM,CATCH_REP,POWER_MW,DATA_INFO,USE_IRRI,USE_ELEC,USE_SUPP,USE_FCON,USE_RECR,USE_NAVI,USE_FISH,USE_PCON,USE_LIVE,USE_OTHR,MAIN_USE,MULTI_DAMS,COMMENTS,URL,QUALITY,EDITOR,LONG_RIV,LAT_RIV,LONG_DAM,LAT_DAM,ORIG_SRC,POLY_SRC,GRAND_ID,HYRIV_ID,INSTREAM,HYLAK_ID,HYBAS_L12
6895,,Samendeni,,Dam,,Mouhoun,,Black Volta,,Burkina Faso,,Haut-Bassins,Houet,Bobo Dioulasso,,2017,-99,GRanD,-99,-99,,Built 2017,23,-99,2760,-99,132.923,132.923,153.0,-99.0,-99.0,1050.0,-99.0,1050.0,-99.0,7.9000001,10479,317.7000122,305,4234,4344,-99.0,,Main,Sec,Sec,,,,,,,,Irrigation,,,,3: Fair,McGill-PB,-4.57723808199995,11.3882628210001,,,GRanD,McGill,6917,10576911,Instream,1427755,1121935270.0
6909,,Gilgel Gibe III,,Dam,,Omo,,Omo,,Ethiopia,,"Southern Nations, Nationalities",Oromia,Sodo,,2016,-99,GRanD,-99,-99,,Built 2016,243,-99,610,-99,148.864,148.864,210.0,-99.0,-99.0,11750.0,11750.0,14690.0,2950.0,78.9000015,610977,61.0,692,34154,34150,-99.0,,,Main,,,,,,,,,Hydroelectricity,,,https://en.wikipedia.org/wiki/Gilgel_Gibe_III_Dam,2: Good,McGill-PB,37.306138586,6.85199859100004,,,GRanD,McGill,6940,10772076,Instream,1427769,1122012190.0
6910,,Kessem,,Dam,,Kessem,Bulga,Awash,,Ethiopia,,Afar,Oromia,,,2015,-99,GRanD,-99,-99,,Built 2015,90,-99,1096,-99,15.521,15.521,-99.0,-99.0,-99.0,500.0,-99.0,500.0,-99.0,32.2000008,13170,120.4000015,884,2993,-99,-99.0,,Main,,,,,,,,,,Irrigation,,,,2: Good,McGill-PB,39.8828085070001,9.15169055000007,,,GRanD,JRC-GSW,6941,10667235,Instream,1427770,1120852890.0
6912,,Tendaho,,Dam,,Awash,,Nile,,Ethiopia,,Afar,,Logiya,,2014,-99,GRanD,-99,-99,,Built 2014,47,-99,412,-99,144.208,144.208,-99.0,-99.0,-99.0,186.0,-99.0,186.0,-99.0,1.3,137769,4.3000002,392,59362,-99,-99.0,,Main,,Sec,,,,,,,,Irrigation,,,https://en.wikipedia.org/wiki/Tendaho_Dam,2: Good,McGill-PB,40.9564642490001,11.685422913,,,GRanD,JRC-GSW,6943,10568177,Instream,1427772,1120747320.0
7141,,Tokwe Mukorsi,,Dam,,Tokwe,,Save,,Zimbabwe,,Masvingo,,Triangle,,2015,-99,GRanD,-99,-99,,Built 2015,89,-99,351,-99,73.024,73.024,96.0,-99.0,-99.0,1802.6,1802.6,1802.6,1750.0,24.7000008,25281,226.1000061,637,7135,7120,-99.0,,Main,Sec,Sec,,,,,,,,Irrigation,,,https://en.wikipedia.org/wiki/Tokwe_Mukorsi_Dam,2: Good,McGill-PB,30.897881162,-20.7230626309999,,,GRanD,McGill,7213,11402934,Instream,1428001,1121525710.0
7250,,De Hoop,,Dam,,Steelpoort,,,,South Africa,,Limpopo,,,,2014,-99,GRanD,-99,-99,,Built 2014,81,-99,1000,-99,12.987,12.987,-99.0,-99.0,-99.0,347.6,-99.0,347.6,-99.0,26.7999992,3985,276.6000061,863,2858,-99,-99.0,,Main,,Sec,,,,,,,,Irrigation,,,https://en.wikipedia.org/wiki/De_Hoop_Dam_(Limpopo),2: Good,McGill-PB,29.955622207,-24.957948323,,,GRanD,JRC-GSW,7342,11460071,Instream,1428110,1122270510.0
7409,,Rib,Ribb,Dam,,Ribb,,Nile,Blue Nile,Ethiopia,,Amhara,South Gondar,Melaccu,,2017,-99,GRanD,-99,-99,,Built 2017,74,-99,800,-99,11.241,11.241,11.0,-99.0,-99.0,234.0,-99.0,234.0,-99.0,20.7999992,7024,105.5999985,1870,703,-99,-99.0,,Main,,Sec,Sec,,,,,,,Irrigation,,,https://pubdocs.worldbank.org/en/510651509002330557/Rib-RAP-Addendum-for-Reservoir-Disclosable-Version-Oct-20-2017.pdf,2: Good,McGill-PB,38.010416667000094,12.0312500000001,,,GRanD,McGill,7365,10554813,Instream,1428193,1120736060.0
7411,,Lom Pangar,,Dam,,Lom,,Sanaga,,Cameroon,,Est,,Bertua,,2017,-99,GRanD,-99,-99,,Built 2017,46,-99,1278,-99,421.376,421.376,540.0,-99.0,-99.0,6000.0,-99.0,6000.0,-99.0,14.1999998,251764,75.5999985,644,19827,-99,-99.0,,,Main,,,,,,,,,Hydroelectricity,Yes,,https://en.wikipedia.org/wiki/Lom_Pangar_Dam,2: Good,McGill-PB,13.502801576,5.38053175800008,,,GRanD,McGill,7359,10840435,Instream,1428195,1121002490.0
40186,,,,Dam,,,,,,Ethiopia,,Tigray,,,,2014,-99,JRC-GSW,-99,-99,,Built 2014,-99,-99,-99,-99,1.483,1.483,-99.0,-99.0,-99.0,23.8,-99.0,-99.0,-99.0,16.0,512,147.3999939,1476,173,-99,-99.0,Capacity from statistics - Eq 2,,,,,,,,,,,,,,,3: Fair,McGill-BL,38.824406367000094,14.3380111920001,,,JRC-GSW,JRC-GSW,0,10480682,Instream,1433783,1121889790.0
40188,,,,Dam,,,,,,Eritrea,,Maekel,Debub,,,2015,-99,JRC-GSW,-99,-99,,Built 2015,-99,-99,-99,-99,1.172,1.172,-99.0,-99.0,-99.0,18.5,-99.0,-99.0,-99.0,15.8000002,138,425.1000061,2036,98,-99,-99.0,Capacity from statistics - Eq 2,,,,,,,,,,,,,,,3: Fair,McGill-BL,38.808851912000094,15.1899444090001,,,JRC-GSW,JRC-GSW,0,10456353,Instream,1433785,1121878630.0
40189,,,,Dam,,,,,,Eritrea,,Anseba,Gash Barka,,,2016,-99,JRC-GSW,-99,-99,,Built 2016,-99,-99,-99,-99,41.288,41.288,-99.0,-99.0,-99.0,805.4,-99.0,-99.0,-99.0,19.5,10753,237.5,407,16273,-99,-99.0,Capacity from statistics - Eq 2,,,,,,,,,,,,,,,3: Fair,McGill-BL,37.3518912060001,16.026149375,,,JRC-GSW,JRC-GSW,0,10429759,Instream,1433786,1120581710.0
40392,,,,Dam,,,,,,Ethiopia,,Amhara,,,,2016,-99,JRC-GSW,-99,-99,,Built 2016,-99,-99,-99,-99,0.401,0.401,-99.0,-99.0,-99.0,6.0,-99.0,-99.0,-99.0,15.0,36,528.5,3009,7,-99,-99.0,Capacity from statistics - Eq 2,,,,,,,,,,,,,,,3: Fair,McGill-BL,39.193910972,11.611002381,,,JRC-GSW,JRC-GSW,0,10570210,Offstream,1433839,1120754300.0
40394,,,,Dam,,,,,,Ethiopia,,Tigray,,,,2015,-99,JRC-GSW,-99,-99,,Built 2015,-99,-99,-99,-99,1.155,1.155,-99.0,-99.0,-99.0,18.2,-99.0,-99.0,-99.0,15.8000002,840,68.6999969,1828,285,-99,-99.0,Capacity from statistics - Eq 2,,,,,,,,,,,,,,,3: Fair,McGill-BL,39.389821641,13.4061855590001,,,JRC-GSW,JRC-GSW,0,10509328,Instream,1433841,1120682010.0
40396,,,,Dam,,,,,,Ethiopia,,Tigray,,,,2016,-99,JRC-GSW,-99,-99,,Built 2016,-99,-99,-99,-99,0.337,0.337,-99.0,-99.0,-99.0,5.0,-99.0,-99.0,-99.0,14.8000002,229,69.1999969,2136,79,-99,-99.0,Capacity from statistics - Eq 2,,,,,,,,,,,,,,,3: Fair,McGill-BL,39.6606424410001,13.64350011,,,JRC-GSW,JRC-GSW,0,10501798,Instream,1433843,1120672060.0
40413,,,,Dam,,,,,,Burkina Faso,,Centre-Sud,,,,2015,-99,JRC-GSW,-99,-99,,Built 2015,-99,-99,-99,-99,0.932,0.932,-99.0,-99.0,-99.0,14.5,-99.0,-99.0,-99.0,15.6000004,91,505.2999878,307,42,-99,-99.0,Capacity from statistics - Eq 2,,,,,,,,,,,,,,,3: Fair,McGill-BL,-1.40193026199995,11.918670553,,,JRC-GSW,JRC-GSW,0,10559282,Instream,1433847,1120742210.0
40469,,,,Dam,,,,,,Rwanda,,Amajyepfo,Iburengerazuba,,,2014,-99,JRC-GSW,-99,-99,,Built 2014,-99,-99,-99,-99,3.305,3.305,-99.0,-99.0,-99.0,55.5,-99.0,-99.0,-99.0,16.7999992,23320,7.5,1480,2631,-99,-99.0,Capacity from statistics - Eq 2,,,,,,,,,,,,,,,3: Fair,McGill-BL,29.634745309,-1.99047924699994,,,JRC-GSW,JRC-GSW,0,11052278,Instream,1433864,1122099270.0
40621,,,,Dam,,,,,,Zambia,,North-Western,,,,2016,-99,JRC-GSW,-99,-99,,Built 2016,-99,-99,-99,-99,0.613,0.613,-99.0,-99.0,-99.0,9.3,-99.0,-99.0,-99.0,15.1999998,280,105.3000031,1313,36,-99,-99.0,Capacity from statistics - Eq 2,,,,,,,,,,,,,,,3: Fair,McGill-BL,26.1891475530001,-12.43747654,,,JRC-GSW,JRC-GSW,0,11241317,Instream,1433906,1121375330.0
40625,,,,Dam,,,,,,Zambia,,North-Western,,,,2014,-99,JRC-GSW,-99,-99,,Built 2014,-99,-99,-99,-99,10.753,10.753,-99.0,-99.0,-99.0,193.7,-99.0,-99.0,-99.0,18.0,4494,136.6999969,1162,498,-99,-99.0,Capacity from statistics - Eq 2,,,,,,,,,,,,,,,3: Fair,McGill-BL,25.216142382,-12.175212498,,,JRC-GSW,JRC-GSW,0,11236347,Instream,1433910,1121371850.0
40626,,,,Dam,,,,,,Zambia,,North-Western,,,,2016,-99,JRC-GSW,-99,-99,,Built 2016,-99,-99,-99,-99,0.407,0.407,-99.0,-99.0,-99.0,6.0,-99.0,-99.0,-99.0,14.6999998,240,79.3000031,1327,33,-99,-99.0,Capacity from statistics - Eq 2,,,,,,,,,,,,,,,3: Fair,McGill-BL,26.4596095000001,-12.1477414729999,,,JRC-GSW,JRC-GSW,0,11235644,Instream,1433911,1121372090.0
40802,,,,Dam,,,,,,South Africa,,Free State,KwaZulu-Natal,,,2016,-99,JRC-GSW,-99,-99,,Built 2016,-99,-99,-99,-99,2.004,2.004,-99.0,-99.0,-99.0,32.7,-99.0,-99.0,-99.0,16.2999992,22,4713.2001953,1716,8,-99,-99.0,Capacity from statistics - Eq 2,,,,,,,,,,,,,,,3: Fair,McGill-BL,29.5866689160001,-28.237189454,,,JRC-GSW,JRC-GSW,0,11490258,Offstream,1433982,1122284990.0
40805,,,,Dam,,,,,,South Africa,,Mpumalanga,,,,2016,-99,JRC-GSW,-99,-99,,Built 2016,-99,-99,-99,-99,0.15,0.15,-99.0,-99.0,-99.0,2.1,-99.0,-99.0,-99.0,14.0,1,6659.1000977,1622,1,-99,-99.0,Capacity from statistics - Eq 2,,,,,,,,,,,,,,,3: Fair,McGill-BL,28.5356349960001,-26.152136328,,,JRC-GSW,JRC-GSW,0,11471617,Offstream,1433985,1122275920.0
41029,,,,Dam,,,,,,South Africa,,Eastern Cape,,,,2015,-99,JRC-GSW,-99,-99,,Built 2015,-99,-99,-99,-99,1.261,1.261,-99.0,-99.0,-99.0,20.0,-99.0,-99.0,-99.0,15.8999996,1779,35.5999985,770,153,-99,-99.0,Capacity from statistics - Eq 2,,,,,,,,,,,,,,,3: Fair,McGill-BL,29.747028228,-30.7451691749999,,,JRC-GSW,JRC-GSW,0,11509349,Instream,1434041,1121641760.0
41035,,,,Dam,,,,,,South Africa,,KwaZulu-Natal,,,,2017,-99,JRC-GSW,-99,-99,,Built 2017,-99,-99,-99,-99,0.163,0.163,-99.0,-99.0,-99.0,2.3,-99.0,-99.0,-99.0,14.1000004,139,52.5,1293,22,-99,-99.0,Capacity from statistics - Eq 2,,,,,,,,,,,,,,,3: Fair,McGill-BL,30.036812361,-29.6511606449999,,,JRC-GSW,JRC-GSW,0,11501708,Instream,1434046,1122289980.0
41050,,,,Dam,,,,,,Lesotho,,Maseru,Berea,,,2014,-99,JRC-GSW,-99,-99,,Built 2014,-99,-99,-99,-99,2.177,2.177,-99.0,-99.0,-99.0,35.7,-99.0,-99.0,-99.0,16.3999996,624,181.3999939,1636,272,-99,-99.0,Capacity from statistics - Eq 2,,,,,,,,,,,,,,,3: Fair,McGill-BL,27.7777713790001,-29.3345738739999,,,JRC-GSW,JRC-GSW,0,11499360,Instream,1434048,1122288670.0
41055,,,,Dam,,,,,,South Africa,,Western Cape,,,,2015,-99,JRC-GSW,-99,-99,,Built 2015,-99,-99,-99,-99,0.247,0.247,-99.0,-99.0,-99.0,3.6,-99.0,-99.0,-99.0,14.6000004,509,22.3999996,568,142,-99,-99.0,Capacity from statistics - Eq 2,,,,,,,,,,,,,,,3: Fair,McGill-BL,19.567708333,-33.4348104069999,,,JRC-GSW,JRC-GSW,0,11524736,Instream,1434049,1122299050.0
