ISO3,National Unit,Name,Admin Level,Metric,Units,Year,Value,Treatment,Post,Treatment_Post
ETH,Ethiopia,Harari,admin1,Incidence Rate,Cases per Thousand,2010,122.944877403912,0,0,0
ETH,Ethiopia,Harari,admin1,Incidence Rate,Cases per Thousand,2011,120.685746628145,0,0,0
ETH,Ethiopia,Harari,admin1,Incidence Rate,Cases per Thousand,2012,190.646950548068,0,0,0
ETH,Ethiopia,Harari,admin1,Incidence Rate,Cases per Thousand,2013,237.494597136558,0,0,0
ETH,Ethiopia,Harari,admin1,Incidence Rate,Cases per Thousand,2014,113.405982395656,0,0,0
ETH,Ethiopia,Harari,admin1,Incidence Rate,Cases per Thousand,2015,92.533306848994,0,1,0
ETH,Ethiopia,Harari,admin1,Incidence Rate,Cases per Thousand,2016,50.3957837855963,0,1,0
ETH,Ethiopia,Harari,admin1,Incidence Rate,Cases per Thousand,2017,35.2407015214707,0,1,0
ETH,Ethiopia,Harari,admin1,Incidence Rate,Cases per Thousand,2018,27.1821751171805,0,1,0
ETH,Ethiopia,Harari,admin1,Incidence Rate,Cases per Thousand,2019,25.1607019754627,0,1,0
ETH,Ethiopia,Harari,admin1,Incidence Rate,Cases per Thousand,2020,44.9076577739963,0,1,0
ETH,Ethiopia,Harari,admin1,Incidence Rate,Cases per Thousand,2021,35.4239203460133,0,1,0
ETH,Ethiopia,Harari,admin1,Incidence Rate,Cases per Thousand,2022,54.1201787881165,0,1,0
ETH,Ethiopia,Oromia,admin1,Incidence Rate,Cases per Thousand,2010,83.4581793546061,1,0,0
ETH,Ethiopia,Oromia,admin1,Incidence Rate,Cases per Thousand,2011,92.0591853099957,1,0,0
ETH,Ethiopia,Oromia,admin1,Incidence Rate,Cases per Thousand,2012,167.454967262421,1,0,0
ETH,Ethiopia,Oromia,admin1,Incidence Rate,Cases per Thousand,2013,235.626884854776,1,0,0
ETH,Ethiopia,Oromia,admin1,Incidence Rate,Cases per Thousand,2014,121.139122850921,1,0,0
ETH,Ethiopia,Oromia,admin1,Incidence Rate,Cases per Thousand,2015,116.731218393561,1,1,1
ETH,Ethiopia,Oromia,admin1,Incidence Rate,Cases per Thousand,2016,80.9418676522078,1,1,1
ETH,Ethiopia,Oromia,admin1,Incidence Rate,Cases per Thousand,2017,64.918997727013,1,1,1
ETH,Ethiopia,Oromia,admin1,Incidence Rate,Cases per Thousand,2018,46.7994963553042,1,1,1
ETH,Ethiopia,Oromia,admin1,Incidence Rate,Cases per Thousand,2019,37.2393751124163,1,1,1
ETH,Ethiopia,Oromia,admin1,Incidence Rate,Cases per Thousand,2020,59.7402919699468,1,1,1
ETH,Ethiopia,Oromia,admin1,Incidence Rate,Cases per Thousand,2021,43.0398915537938,1,1,1
ETH,Ethiopia,Oromia,admin1,Incidence Rate,Cases per Thousand,2022,54.165926597889,1,1,1
