ISO3,National Unit,Name,Admin Level,Metric,Units,Year,Value,Treatment,Post,Treatment_Post
ETH,Ethiopia,Dire Dawa,admin1,Incidence Rate,Cases per Thousand,2010,120.334248301058,0,0,0
ETH,Ethiopia,Dire Dawa,admin1,Incidence Rate,Cases per Thousand,2011,116.770323744374,0,0,0
ETH,Ethiopia,Dire Dawa,admin1,Incidence Rate,Cases per Thousand,2012,190.02238648213705,0,0,0
ETH,Ethiopia,Dire Dawa,admin1,Incidence Rate,Cases per Thousand,2013,240.653091666719,0,0,0
ETH,Ethiopia,Dire Dawa,admin1,Incidence Rate,Cases per Thousand,2014,119.642198029484,0,0,0
ETH,Ethiopia,Dire Dawa,admin1,Incidence Rate,Cases per Thousand,2015,102.863798894948,0,0,0
ETH,Ethiopia,Dire Dawa,admin1,Incidence Rate,Cases per Thousand,2016,60.2396782694626,0,1,0
ETH,Ethiopia,Dire Dawa,admin1,Incidence Rate,Cases per Thousand,2017,44.3785057706988,0,1,0
ETH,Ethiopia,Dire Dawa,admin1,Incidence Rate,Cases per Thousand,2018,33.046829959844004,0,1,0
ETH,Ethiopia,Dire Dawa,admin1,Incidence Rate,Cases per Thousand,2019,28.9505995920707,0,1,0
ETH,Ethiopia,Dire Dawa,admin1,Incidence Rate,Cases per Thousand,2020,50.4378445462655,0,1,0
ETH,Ethiopia,Dire Dawa,admin1,Incidence Rate,Cases per Thousand,2021,37.6750014175559,0,1,0
ETH,Ethiopia,Dire Dawa,admin1,Incidence Rate,Cases per Thousand,2022,55.814351282589904,0,1,0
ETH,Ethiopia,Oromia,admin1,Incidence Rate,Cases per Thousand,2010,83.4581793546061,1,0,0
ETH,Ethiopia,Oromia,admin1,Incidence Rate,Cases per Thousand,2011,92.0591853099957,1,0,0
ETH,Ethiopia,Oromia,admin1,Incidence Rate,Cases per Thousand,2012,167.454967262421,1,0,0
ETH,Ethiopia,Oromia,admin1,Incidence Rate,Cases per Thousand,2013,235.626884854776,1,0,0
ETH,Ethiopia,Oromia,admin1,Incidence Rate,Cases per Thousand,2014,121.139122850921,1,0,0
ETH,Ethiopia,Oromia,admin1,Incidence Rate,Cases per Thousand,2015,116.731218393561,1,0,0
ETH,Ethiopia,Oromia,admin1,Incidence Rate,Cases per Thousand,2016,80.9418676522078,1,1,1
ETH,Ethiopia,Oromia,admin1,Incidence Rate,Cases per Thousand,2017,64.918997727013,1,1,1
ETH,Ethiopia,Oromia,admin1,Incidence Rate,Cases per Thousand,2018,46.7994963553042,1,1,1
ETH,Ethiopia,Oromia,admin1,Incidence Rate,Cases per Thousand,2019,37.2393751124163,1,1,1
ETH,Ethiopia,Oromia,admin1,Incidence Rate,Cases per Thousand,2020,59.7402919699468,1,1,1
ETH,Ethiopia,Oromia,admin1,Incidence Rate,Cases per Thousand,2021,43.0398915537938,1,1,1
ETH,Ethiopia,Oromia,admin1,Incidence Rate,Cases per Thousand,2022,54.165926597889,1,1,1
