ISO3,National Unit,Name,Admin Level,Metric,Units,Year,Value,Treatment,Post,Treatment_Post
ZWE,Zimbabwe,Midlands,admin1,Incidence Rate,Cases per Thousand,2010,185.200390870722,0,0,0
ZWE,Zimbabwe,Midlands,admin1,Incidence Rate,Cases per Thousand,2011,132.616988828637,0,0,0
ZWE,Zimbabwe,Midlands,admin1,Incidence Rate,Cases per Thousand,2012,123.682309101101,0,0,0
ZWE,Zimbabwe,Midlands,admin1,Incidence Rate,Cases per Thousand,2013,176.701946552998,0,0,0
ZWE,Zimbabwe,Midlands,admin1,Incidence Rate,Cases per Thousand,2014,201.104488482759,0,0,0
ZWE,Zimbabwe,Midlands,admin1,Incidence Rate,Cases per Thousand,2015,171.00924616548895,0,1,0
ZWE,Zimbabwe,Midlands,admin1,Incidence Rate,Cases per Thousand,2016,118.56217654934,0,1,0
ZWE,Zimbabwe,Midlands,admin1,Incidence Rate,Cases per Thousand,2017,161.766960375352,0,1,0
ZWE,Zimbabwe,Midlands,admin1,Incidence Rate,Cases per Thousand,2018,94.4716012833162,0,1,0
ZWE,Zimbabwe,Midlands,admin1,Incidence Rate,Cases per Thousand,2019,100.967082592432,0,1,0
ZWE,Zimbabwe,Midlands,admin1,Incidence Rate,Cases per Thousand,2020,121.786048191116,0,1,0
ZWE,Zimbabwe,Midlands,admin1,Incidence Rate,Cases per Thousand,2021,54.597117075929496,0,1,0
ZWE,Zimbabwe,Midlands,admin1,Incidence Rate,Cases per Thousand,2022,48.8823907854384,0,1,0
ZWE,Zimbabwe,Masvingo,admin1,Incidence Rate,Cases per Thousand,2010,161.016955276288,1,0,0
ZWE,Zimbabwe,Masvingo,admin1,Incidence Rate,Cases per Thousand,2011,112.376096263868,1,0,0
ZWE,Zimbabwe,Masvingo,admin1,Incidence Rate,Cases per Thousand,2012,94.3065422604564,1,0,0
ZWE,Zimbabwe,Masvingo,admin1,Incidence Rate,Cases per Thousand,2013,132.056875364587,1,0,0
ZWE,Zimbabwe,Masvingo,admin1,Incidence Rate,Cases per Thousand,2014,164.753790230107,1,0,0
ZWE,Zimbabwe,Masvingo,admin1,Incidence Rate,Cases per Thousand,2015,150.20189963133095,1,1,1
ZWE,Zimbabwe,Masvingo,admin1,Incidence Rate,Cases per Thousand,2016,108.870953452998,1,1,1
ZWE,Zimbabwe,Masvingo,admin1,Incidence Rate,Cases per Thousand,2017,158.01964123957498,1,1,1
ZWE,Zimbabwe,Masvingo,admin1,Incidence Rate,Cases per Thousand,2018,91.3259909335305,1,1,1
ZWE,Zimbabwe,Masvingo,admin1,Incidence Rate,Cases per Thousand,2019,96.7760297670735,1,1,1
ZWE,Zimbabwe,Masvingo,admin1,Incidence Rate,Cases per Thousand,2020,119.14637566014,1,1,1
ZWE,Zimbabwe,Masvingo,admin1,Incidence Rate,Cases per Thousand,2021,61.9552365775349,1,1,1
ZWE,Zimbabwe,Masvingo,admin1,Incidence Rate,Cases per Thousand,2022,61.48449892106,1,1,1
