ISO3,National Unit,Name,Admin Level,Metric,Units,Year,Value,Treatment,Post,Treatment_Post
ERI,Eritrea,Semenawi Keih Bahri,admin1,Incidence Rate,Cases per Thousand,2010,11.0327331007956,0,0,0
ERI,Eritrea,Semenawi Keih Bahri,admin1,Incidence Rate,Cases per Thousand,2011,12.4848181623701,0,0,0
ERI,Eritrea,Semenawi Keih Bahri,admin1,Incidence Rate,Cases per Thousand,2012,5.82682587382798,0,0,0
ERI,Eritrea,Semenawi Keih Bahri,admin1,Incidence Rate,Cases per Thousand,2013,3.51460143063393,0,0,0
ERI,Eritrea,Semenawi Keih Bahri,admin1,Incidence Rate,Cases per Thousand,2014,9.02348413404293,0,0,0
ERI,Eritrea,Semenawi Keih Bahri,admin1,Incidence Rate,Cases per Thousand,2015,6.259645803289651,0,1,0
ERI,Eritrea,Semenawi Keih Bahri,admin1,Incidence Rate,Cases per Thousand,2016,10.5228061092534,0,1,0
ERI,Eritrea,Semenawi Keih Bahri,admin1,Incidence Rate,Cases per Thousand,2017,12.2118841665761,0,1,0
ERI,Eritrea,Semenawi Keih Bahri,admin1,Incidence Rate,Cases per Thousand,2018,11.0338642320451,0,1,0
ERI,Eritrea,Semenawi Keih Bahri,admin1,Incidence Rate,Cases per Thousand,2019,25.6410539231702,0,1,0
ERI,Eritrea,Semenawi Keih Bahri,admin1,Incidence Rate,Cases per Thousand,2020,20.643769010426,0,1,0
ERI,Eritrea,Semenawi Keih Bahri,admin1,Incidence Rate,Cases per Thousand,2021,11.780625362413,0,1,0
ERI,Eritrea,Semenawi Keih Bahri,admin1,Incidence Rate,Cases per Thousand,2022,16.2536298876034,0,1,0
ERI,Eritrea,Debub,admin1,Incidence Rate,Cases per Thousand,2010,14.5158582920171,1,0,0
ERI,Eritrea,Debub,admin1,Incidence Rate,Cases per Thousand,2011,16.342193296199298,1,0,0
ERI,Eritrea,Debub,admin1,Incidence Rate,Cases per Thousand,2012,7.12582346912421,1,0,0
ERI,Eritrea,Debub,admin1,Incidence Rate,Cases per Thousand,2013,3.73250792941249,1,0,0
ERI,Eritrea,Debub,admin1,Incidence Rate,Cases per Thousand,2014,8.82612964529666,1,0,0
ERI,Eritrea,Debub,admin1,Incidence Rate,Cases per Thousand,2015,6.06180848480606,1,1,1
ERI,Eritrea,Debub,admin1,Incidence Rate,Cases per Thousand,2016,10.4029068670671,1,1,1
ERI,Eritrea,Debub,admin1,Incidence Rate,Cases per Thousand,2017,12.3372941670125,1,1,1
ERI,Eritrea,Debub,admin1,Incidence Rate,Cases per Thousand,2018,11.2450988063219,1,1,1
ERI,Eritrea,Debub,admin1,Incidence Rate,Cases per Thousand,2019,26.7237811752501,1,1,1
ERI,Eritrea,Debub,admin1,Incidence Rate,Cases per Thousand,2020,21.557550368046694,1,1,1
ERI,Eritrea,Debub,admin1,Incidence Rate,Cases per Thousand,2021,12.7978593195887,1,1,1
ERI,Eritrea,Debub,admin1,Incidence Rate,Cases per Thousand,2022,18.9949227235038,1,1,1
