GDW_ID,RES_NAME,DAM_NAME,ALT_NAME,DAM_TYPE,LAKE_CTRL,RIVER,ALT_RIVER,MAIN_BASIN,SUB_BASIN,COUNTRY,SEC_CNTRY,ADMIN_UNIT,SEC_ADMIN,NEAR_CITY,ALT_CITY,YEAR_DAM,PRE_YEAR,YEAR_SRC,ALT_YEAR,REM_YEAR,TIMELINE,YEAR_TXT,DAM_HGT_M,ALT_HGT_M,DAM_LEN_M,ALT_LEN_M,AREA_SKM,AREA_POLY,AREA_REP,AREA_MAX,AREA_MIN,CAP_MCM,CAP_MAX,CAP_REP,CAP_MIN,DEPTH_M,DIS_AVG_LS,DOR_PC,ELEV_MASL,CATCH_SKM,CATCH_REP,POWER_MW,DATA_INFO,USE_IRRI,USE_ELEC,USE_SUPP,USE_FCON,USE_RECR,USE_NAVI,USE_FISH,USE_PCON,USE_LIVE,USE_OTHR,MAIN_USE,MULTI_DAMS,COMMENTS,URL,QUALITY,EDITOR,LONG_RIV,LAT_RIV,LONG_DAM,LAT_DAM,ORIG_SRC,POLY_SRC,GRAND_ID,HYRIV_ID,INSTREAM,HYLAK_ID,HYBAS_L12
6861,,Ouldjet Mellegue,Ouldjt Mellegue,Dam,,Mellegue,,,,Algeria,,Souk Ahras,Tébessa,Ouenza,,2016,-99,GRanD,-99,-99,,Built 2016,51,-99,900,-99,4.077,4.077,1.7,-99.0,-99.0,155.0,-99.0,155.0,-99.0,38.0,5516,89.0999985,542,4390,4350,-99.0,,Sec,,Main,,,,,,,,Water supply,,,,2: Good,McGill-PB,8.02678924300005,35.977500293,,,GRanD,McGill,6878,10004335,Instream,1427721,1121662170.0
6872,,Dikgatlhong,,Dam,,Shashe,Tati,Limpopo,,Botswana,,Central,North-East,Robelela,,2011,-99,GRanD,-99,-99,,Built 2011,41,-99,4600,-99,41.656,41.656,-99.0,-99.0,-99.0,400.0,-99.0,400.0,-99.0,9.6000004,5001,253.6000061,855,7691,-99,-99.0,,,,Main,,,,,,,,Water supply,,,https://en.wikipedia.org/wiki/Dikgatlhong_Dam,2: Good,McGill-PB,27.9810046160001,-21.564694215,,,GRanD,JRC-GSW,6891,11415033,Instream,1427732,1121539050.0
6895,,Samendeni,,Dam,,Mouhoun,,Black Volta,,Burkina Faso,,Haut-Bassins,Houet,Bobo Dioulasso,,2017,-99,GRanD,-99,-99,,Built 2017,23,-99,2760,-99,132.923,132.923,153.0,-99.0,-99.0,1050.0,-99.0,1050.0,-99.0,7.9000001,10479,317.7000122,305,4234,4344,-99.0,,Main,Sec,Sec,,,,,,,,Irrigation,,,,3: Fair,McGill-PB,-4.57723808199995,11.3882628210001,,,GRanD,McGill,6917,10576911,Instream,1427755,1121935270.0
6896,,Soum,,Dam,,Wranko,,Volta,,Burkina Faso,,Centre-Ouest,Boulkiemde,Nanoro,,2010,-99,GRanD,-99,-99,,Built 2010,24,-99,1600,-99,29.402,29.402,5.3,-99.0,-99.0,203.0,-99.0,203.0,-99.0,6.9000001,1296,496.7000122,275,1575,1642,-99.0,,Main,,,,,,,,,,Irrigation,,,,2: Good,McGill-PB,-2.28187946499998,12.5977430900001,,,GRanD,JRC-GSW,6918,10536204,Instream,1427756,1121917350.0
6904,,Imboulou,,Dam,,Lefini,,Congo,,Republic of the Congo,,Plateaux,Pool,Moembe,,2011,-99,GRanD,-99,-99,,Built 2011,32,-99,580,-99,98.184,98.184,-99.0,-99.0,-99.0,584.0,-99.0,584.0,-99.0,5.9000001,421253,4.4000001,289,14834,-99,-99.0,,,Main,,,,,,,,,Hydroelectricity,,,https://en.wikipedia.org/wiki/Imboulou_Dam,2: Good,McGill-PB,16.0361891480001,-2.93554594399996,,,GRanD,JRC-GSW-mod,6933,11078190,Instream,1427764,1121208950.0
6909,,Gilgel Gibe III,,Dam,,Omo,,Omo,,Ethiopia,,"Southern Nations, Nationalities",Oromia,Sodo,,2016,-99,GRanD,-99,-99,,Built 2016,243,-99,610,-99,148.864,148.864,210.0,-99.0,-99.0,11750.0,11750.0,14690.0,2950.0,78.9000015,610977,61.0,692,34154,34150,-99.0,,,Main,,,,,,,,,Hydroelectricity,,,https://en.wikipedia.org/wiki/Gilgel_Gibe_III_Dam,2: Good,McGill-PB,37.306138586,6.85199859100004,,,GRanD,McGill,6940,10772076,Instream,1427769,1122012190.0
6910,,Kessem,,Dam,,Kessem,Bulga,Awash,,Ethiopia,,Afar,Oromia,,,2015,-99,GRanD,-99,-99,,Built 2015,90,-99,1096,-99,15.521,15.521,-99.0,-99.0,-99.0,500.0,-99.0,500.0,-99.0,32.2000008,13170,120.4000015,884,2993,-99,-99.0,,Main,,,,,,,,,,Irrigation,,,,2: Good,McGill-PB,39.8828085070001,9.15169055000007,,,GRanD,JRC-GSW,6941,10667235,Instream,1427770,1120852890.0
6911,,Tekeze,,Dam,,Tekeze,,Nile,,Ethiopia,,Tigray,Amhara,Tigray,,2010,-99,GRanD,-99,-99,,Built 2010,180,-99,710,-99,134.634,134.634,-99.0,-99.0,-99.0,9000.0,-99.0,9000.0,-99.0,66.8000031,146140,195.3000031,1001,30823,-99,-99.0,,,Main,,,,,,,,,Hydroelectricity,,,https://en.wikipedia.org/wiki/Tekez%C3%A9_Dam,2: Good,McGill-PB,38.7429682430001,13.346901616,,,GRanD,JRC-GSW,6942,10511241,Instream,1427771,1120682840.0
6912,,Tendaho,,Dam,,Awash,,Nile,,Ethiopia,,Afar,,Logiya,,2014,-99,GRanD,-99,-99,,Built 2014,47,-99,412,-99,144.208,144.208,-99.0,-99.0,-99.0,186.0,-99.0,186.0,-99.0,1.3,137769,4.3000002,392,59362,-99,-99.0,,Main,,Sec,,,,,,,,Irrigation,,,https://en.wikipedia.org/wiki/Tendaho_Dam,2: Good,McGill-PB,40.9564642490001,11.685422913,,,GRanD,JRC-GSW,6943,10568177,Instream,1427772,1120747320.0
6913,,Bui,,Dam,,Black Volta,,Volta,,Ghana,,Savannah,Bono,Bagdiapi,,2013,-99,GRanD,-99,-99,,Built 2013,108,-99,463,-99,351.163,351.163,444.0,-99.0,288.0,12570.0,12570.0,12570.0,7720.0,35.7999992,256192,155.6000061,102,131352,-99,-99.0,,Sec,Main,,,,,,,,,Hydroelectricity,,,https://en.wikipedia.org/wiki/Bui_Dam,2: Good,McGill-PB,-2.23782005099997,8.27976330300004,,,GRanD,JRC-GSW,6944,10706212,Instream,1427773,1121988020.0
7071,,Rumela,Upper Atbara and Setit Dam Complex,Dam,,Atbara,Setit,Nile,,Sudan,,Al Qadarif,Gadarif,Shagarab I Refugee Camp,,2016,-99,GRanD,-99,-99,,Built 2016,55,-99,1300,-99,286.698,286.698,-99.0,-99.0,-99.0,2700.0,-99.0,2700.0,-99.0,9.3999996,124427,68.8000031,483,28464,-99,-99.0,,Main,Sec,,,,,,,,,Irrigation,Yes,Dams line up to impound two parallel rivers and create one reservoir,https://en.wikipedia.org/wiki/Upper_Atbara_and_Setit_Dam_Complex,2: Good,McGill-PB,35.917914448,14.2405171830001,,,GRanD,McGill,7137,10484122,Instream,1427931,1120649730.0
7073,,Bumbuna,,Dam,,Rokel,Seli,Rokel,,Sierra Leone,,Northern,Bombali,Makeni,,2010,-99,GRanD,-99,-99,,Built 2010,88,-99,440,-99,12.926,12.926,21.0,-99.0,-99.0,428.0,-99.0,428.0,-99.0,33.0999985,166981,8.1000004,193,3939,3920,-99.0,,,Main,,,,,,,,,Hydroelectricity,,,https://en.wikipedia.org/wiki/Bumbuna_Dam,2: Good,McGill-PB,-11.722744199,9.07275853400006,,,GRanD,JRC-GSW,7139,10670933,Instream,1427933,1121974410.0
7083,,Tiouine,,Dam,,Iriri,Assif n'Tidili,Draa,,Morocco,,Souss - Massa - Draâ,Ouarzazate,Ouarzazate,,2015,-99,GRanD,-99,-99,,Built 2015,84,-99,202,-99,10.833,10.833,12.8,-99.0,-99.0,270.0,-99.0,270.0,-99.0,24.8999996,2298,372.6000061,1281,1552,1546,-99.0,,Sec,,Main,Sec,,,,,,,Water supply,,,https://www.heidelbergcement.com/en/tiouine-dam,2: Good,McGill-PB,-7.24521367899996,30.935021942,,,GRanD,JRC-GSW-mod,7151,10056146,Instream,1427943,1120143390.0
7141,,Tokwe Mukorsi,,Dam,,Tokwe,,Save,,Zimbabwe,,Masvingo,,Triangle,,2015,-99,GRanD,-99,-99,,Built 2015,89,-99,351,-99,73.024,73.024,96.0,-99.0,-99.0,1802.6,1802.6,1802.6,1750.0,24.7000008,25281,226.1000061,637,7135,7120,-99.0,,Main,Sec,Sec,,,,,,,,Irrigation,,,https://en.wikipedia.org/wiki/Tokwe_Mukorsi_Dam,2: Good,McGill-PB,30.897881162,-20.7230626309999,,,GRanD,McGill,7213,11402934,Instream,1428001,1121525710.0
7232,,Wadi Martil,,Dam,,Martil,,,,Morocco,,Tanger - Tétouan,Tetouan,Tetouan,,2014,-99,GRanD,-99,-99,,Built 2014,100,-99,600,-99,2.009,2.009,3.8,-99.0,-99.0,120.0,-99.0,120.0,-99.0,59.7000008,3543,107.4000015,59,373,383,-99.0,,Sec,,Main,Sec,,,,,,,Water supply,,,,4: Poor,McGill-PB,-5.43348696299995,35.476803342,,,GRanD,McGill,7148,10007311,Instream,1428092,1120089260.0
7233,,Mahouane,Mehouane,Dam,,Guessar,,,,Algeria,,Sétif,Satif,Satif,,2015,-99,GRanD,-99,-99,,Built 2015,76,-99,884,-99,1.154,1.154,5.3,-99.0,-99.0,147.9,-99.0,147.9,-99.0,128.1999969,102,4597.8999023,1084,25,21,-99.0,,Sec,,Main,,,,,,,,Water supply,,Reservoir derived from satellite imagery looks smaller than listed volume,http://www.soudoud-dzair.com/index.php?action=esmap_vect&table=chahidgis_barrage&id=75,5: Unreliable,McGill-PB,5.37554472400007,36.266216677,,,GRanD,McGill,6876,10002927,Instream,1428093,1121661750.0
7234,,Tabellout,,Dam,,Jijel,,,,Algeria,,Jijel,,Djimla,,2015,-99,GRanD,-99,-99,,Built 2015,121,-99,413,-99,1.527,1.527,8.0,-99.0,-99.0,294.4,-99.0,294.4,-99.0,192.8000031,4506,207.1999969,231,407,402,-99.0,,,,Main,,,,,,,,Water supply,,"Reservoir filling reported to have begun in 2019, unreliable polygon",,5: Unreliable,McGill-PB,5.84702399000003,36.613279833,,,GRanD,McGill,6879,10001186,Instream,1428094,1121660880.0
7250,,De Hoop,,Dam,,Steelpoort,,,,South Africa,,Limpopo,,,,2014,-99,GRanD,-99,-99,,Built 2014,81,-99,1000,-99,12.987,12.987,-99.0,-99.0,-99.0,347.6,-99.0,347.6,-99.0,26.7999992,3985,276.6000061,863,2858,-99,-99.0,,Main,,Sec,,,,,,,,Irrigation,,,https://en.wikipedia.org/wiki/De_Hoop_Dam_(Limpopo),2: Good,McGill-PB,29.955622207,-24.957948323,,,GRanD,JRC-GSW,7342,11460071,Instream,1428110,1122270510.0
7354,,Ouljet Es Soltane,,Dam,,Beht,,Sebou,,Morocco,,Rabat - Salé - Zemmour - Zaer,Khemisset,Khemisset,,2015,-99,GRanD,-99,-99,,Built 2015,98,-99,383,-99,18.6,-99.0,18.6,-99.0,-99.0,510.0,-99.0,510.0,-99.0,27.3999996,10895,148.3999939,311,2609,2433,-99.0,,Main,Sec,Sec,Sec,,,,,,,Irrigation,,Satellite imagery indicates the presence of infrastructure; news reports indicate that as of 2020 construction is ongoing.,,5: Unreliable,McGill-PB,-5.88565117799993,33.656033269,,,GRanD,No Polygon,7149,10022276,Instream,0,1120105580.0
7378,,Draa Ediss,Dhraa Diss,Dam,,,,,,Algeria,,Sétif,,Tachouda,,2021,-99,GRanD,-99,-99,,Built 2021,76,-99,956,-99,0.227,0.227,6.2,-99.0,-99.0,137.0,-99.0,137.0,-99.0,603.5,109,3985.5,1082,24,23,-99.0,,Sec,,Main,,,,,,,,Water supply,,This is part of a large water transfer project from the Tabellout dam; reservoir polygon incomplete,https://lecourrier-dalgerie.com/projet-des-grands-transferts-des-eaux-ouali-insiste-sur-les-delais-dachevement-des-travaux/,3: Fair,McGill-PB,5.74375000000003,36.24375,,,GRanD,McGill,7385,10003378,Instream,1428162,1120086170.0
7379,,Dar Khrofa,,Dam,,Makhazine,,Loukkos,,Morocco,,Tanger - Tétouan,Larache,Beni Garfat,,2018,-99,GRanD,-99,-99,,Built 2018,71,-99,405,-99,11.447,11.447,23.5,-99.0,-99.0,480.0,-99.0,480.0,-99.0,41.9000015,4261,357.2000122,121,433,437,-99.0,,Main,,Sec,Sec,,,,,,,Irrigation,,,http://www.arabfund.org/Default.aspx?pageId=359&pId=2072,2: Good,McGill-PB,-5.77699628599993,35.239583333,,,GRanD,McGill,7354,10008902,Instream,1428163,1121664550.0
7409,,Rib,Ribb,Dam,,Ribb,,Nile,Blue Nile,Ethiopia,,Amhara,South Gondar,Melaccu,,2017,-99,GRanD,-99,-99,,Built 2017,74,-99,800,-99,11.241,11.241,11.0,-99.0,-99.0,234.0,-99.0,234.0,-99.0,20.7999992,7024,105.5999985,1870,703,-99,-99.0,,Main,,Sec,Sec,,,,,,,Irrigation,,,https://pubdocs.worldbank.org/en/510651509002330557/Rib-RAP-Addendum-for-Reservoir-Disclosable-Version-Oct-20-2017.pdf,2: Good,McGill-PB,38.010416667000100,12.0312500000001,,,GRanD,McGill,7365,10554813,Instream,1428193,1120736060.0
7410,,Genale-Dawa III,,Dam,,Ganale Doria,,Dawa,,Ethiopia,,Oromia,,Borena,,2020,-99,GRanD,-99,-99,,Built 2020,110,-99,456,-99,101.861,101.861,-99.0,-99.0,-99.0,2570.0,-99.0,2570.0,-99.0,25.2000008,53573,152.1000061,1034,10499,-99,-99.0,,,Main,,Sec,,,,,,,Hydroelectricity,,,https://en.wikipedia.org/wiki/List_of_power_stations_in_Ethiopia,2: Good,McGill-PB,39.6947818130001,5.61209642000006,,,GRanD,McGill,7362,10830891,Instream,1428194,1120998070.0
7411,,Lom Pangar,,Dam,,Lom,,Sanaga,,Cameroon,,Est,,Bertua,,2017,-99,GRanD,-99,-99,,Built 2017,46,-99,1278,-99,421.376,421.376,540.0,-99.0,-99.0,6000.0,-99.0,6000.0,-99.0,14.1999998,251764,75.5999985,644,19827,-99,-99.0,,,Main,,,,,,,,,Hydroelectricity,Yes,,https://en.wikipedia.org/wiki/Lom_Pangar_Dam,2: Good,McGill-PB,13.502801576,5.38053175800008,,,GRanD,McGill,7359,10840435,Instream,1428195,1121002490.0
7412,,Kashimbila,Kashimbila Multipurpose Dam Project,Dam,,Katsina Ala,,Niger,Benue,Nigeria,Cameroon,Taraba,Nord-Ouest,Kashimbila,,2018,-99,GRanD,2020,-99,,Built 2018,35,-99,1245,-99,65.245,65.245,84.0,-99.0,-99.0,500.0,-99.0,500.0,-99.0,7.6999998,287128,5.5,174,8504,-99,-99.0,,Sec,Sec,Sec,Main,,,,,,,Flood control,,,https://www.aurecongroup.com/projects/energy/kashimbila-hydropower-station,2: Good,McGill-PB,9.76226223100002,6.86875000000003,,,GRanD,McGill,7373,10770996,Instream,1428196,1120946050.0
7413,,Souapiti,,Dam,,Konkoure,,Konkoure,,Guinea,,Kindia,Mamou,Touguita,,2021,-99,GRanD,-99,-99,,Built 2021,116,-99,1148,-99,156.373,156.373,-99.0,-99.0,-99.0,6300.0,-99.0,6300.0,-99.0,40.2999992,294011,67.9000015,122,10845,-99,-99.0,,,Main,,,,,,,,,Hydroelectricity,,Reservoir visible as of 2021,https://en.wikipedia.org/wiki/Souapiti_Hydropower_Station,2: Good,McGill-PB,-13.2460633929999,10.422916667,,,GRanD,McGill,7361,10613346,Instream,1428197,1120797210.0
7418,,Grand Poubara,,Dam,,Ogooue,Nazareth,,,Gabon,,Haut-Ogooué,,Franceville,,2013,-99,GRanD,-99,-99,,Built 2013,37,-99,300,-99,28.831,28.831,-99.0,-99.0,-99.0,450.0,-99.0,450.0,-99.0,15.6000004,226064,6.3000002,398,8329,-99,-99.0,,,Main,,,,,,,,,Hydroelectricity,,,,3: Fair,McGill-PB,13.5509860290001,-1.77468495699998,,,GRanD,JRC-GSW,7409,11045433,Instream,1428202,1122097130.0
7419,,Lauca,Lauca Hydroelectric Power Station,Dam,,Cuanza,,Cuanza,,Angola,,Malanje,Cuanza Sul,Luanda,,2020,-99,GRanD,-99,-99,,Built 2020,132,-99,1075,-99,172.14,172.14,188.0,-99.0,-99.0,5482.0,-99.0,5482.0,-99.0,31.7999992,1680637,10.3000002,730,114396,-99,-99.0,,,Main,,,,,,,,,Hydroelectricity,,,https://en.wikipedia.org/wiki/La%C3%BAca_Hydroelectric_Power_Station,2: Good,McGill-PB,15.128099816,-9.74374999999998,,,GRanD,McGill,7353,11196492,Instream,1428203,1121329720.0
7422,,Neckartal,Desert Dragon,Dam,,Fish,,Orange,,Namibia,,Karas,,Berseba,,2018,-99,GRanD,-99,-99,,Built 2018,80,-99,518,-99,21.506,21.506,25.0,-99.0,-99.0,880.0,-99.0,880.0,-99.0,40.9000015,4499,620.2000122,731,44921,45400,-99.0,,Main,Sec,,,,,,,,,Irrigation,,,https://en.wikipedia.org/wiki/Neckartal_Dam,2: Good,McGill-PB,17.718001658,-26.6313439639999,,,GRanD,McGill,7358,11476141,Instream,1428206,1121606420.0
24111,,,,Dam,,,,,,Zimbabwe,,Matabeleland South,,,,2013,-99,Estimated,-99,-99,,Built 2013,-99,-99,-99,-99,0.104,0.104,-99.0,-99.0,-99.0,1.4,-99.0,-99.0,-99.0,13.5,60,74.0,775,61,-99,-99.0,Capacity from statistics - Eq 2,,,,,,,,,,,,,,,3: Fair,McGill-MA,29.459007,-21.263181,,,GOODD,SWBD,0,11410934,Instream,1416982,1121535890.0
25295,,,,Dam,,,,,,Republic of the Congo,,Pool,Brazzaville,,,2013,-99,Estimated,-99,-99,,Built 2013,-99,-99,-99,-99,0.232,0.232,-99.0,-99.0,-99.0,3.3,-99.0,-99.0,-99.0,14.1999998,157760,0.1,298,6236,-99,-99.0,Capacity from statistics - Eq 2,,,,,,,,,,,,,,,3: Fair,McGill-MA,15.210521086,-4.29120809099993,,,GOODD,JRC-GSW-mod,0,11107082,Instream,1428588,1121235760.0
28441,,,,Dam,,,,,,South Africa,,KwaZulu-Natal,,,,2013,-99,Estimated,-99,-99,,Built 2013,-99,-99,-99,-99,8.54,8.54,-99.0,-99.0,-99.0,151.8,-99.0,-99.0,-99.0,17.7999992,1797,267.8999939,1411,339,-99,-99.0,Capacity from statistics - Eq 2,,,,,,,,,,,,,,,3: Fair,McGill-MA,29.9647602380001,-29.3200817169999,,,GOODD,JRC-GSW,0,11499236,Instream,1431733,1121630570.0
37311,,,,Dam,,,,,,Algeria,,Oum el Bouaghi,,,,2017,-99,JRC-GSW,-99,-99,,Built 2017,-99,-99,-99,-99,4.882,4.882,-99.0,-99.0,-99.0,84.0,-99.0,-99.0,-99.0,17.2000008,52,5122.3999023,924,56,-99,-99.0,Capacity from statistics - Eq 2,,,,,,,,,,,,,,,3: Fair,McGill-BL,6.93935263400005,35.882128471,,,JRC-GSW,JRC-GSW,0,10004911,Instream,1433363,1120087400.0
37322,,,,Dam,,,,,,Morocco,,Oriental,,,,2017,-99,JRC-GSW,-99,-99,,Built 2017,-99,-99,-99,-99,2.739,2.739,-99.0,-99.0,-99.0,45.5,-99.0,-99.0,-99.0,16.6000004,1586,91.0,1002,1199,-99,-99.0,Capacity from statistics - Eq 2,,,,,,,,,,,,,,,3: Fair,McGill-BL,-1.32781141699996,32.357880218,,,JRC-GSW,JRC-GSW,0,10035057,Instream,1433368,1120120380.0
37324,,,,Dam,,,,,,Morocco,,Tanger - Tétouan,,,,2015,-99,JRC-GSW,-99,-99,,Built 2015,-99,-99,-99,-99,0.615,0.615,-99.0,-99.0,-99.0,9.4,-99.0,-99.0,-99.0,15.3000002,674,44.2000008,343,69,-99,-99.0,Capacity from statistics - Eq 2,,,,,,,,,,,,,,,3: Fair,McGill-BL,-5.34865054599993,35.2616216420001,,,JRC-GSW,JRC-GSW,0,10008720,Instream,1433370,1120091450.0
37326,,,,Dam,,,,,,Algeria,,Mostaganem,,,,2011,-99,JRC-GSW,-99,-99,,Built 2011,-99,-99,-99,-99,2.864,2.864,-99.0,-99.0,-99.0,47.7,-99.0,-99.0,-99.0,16.7000008,21,7202.7001953,68,20,-99,-99.0,Capacity from statistics - Eq 2,,,,,,,,,,,,,,,3: Fair,McGill-BL,0.381282879000025,36.0522701620001,,,JRC-GSW,JRC-GSW,0,10004024,Instream,1433372,1121662050.0
37328,,,,Dam,,,,,,Algeria,,Chlef,Tipaza,,,2016,-99,JRC-GSW,-99,-99,,Built 2016,-99,-99,-99,-99,3.802,3.802,-99.0,-99.0,-99.0,64.4,-99.0,-99.0,-99.0,16.8999996,1401,145.8000031,60,501,-99,-99.0,Capacity from statistics - Eq 2,,,,,,,,,,,,,,,3: Fair,McGill-BL,1.65526832600006,36.4804099900001,,,JRC-GSW,JRC-GSW,0,10001840,Instream,1433374,1120030580.0
37348,,,,Dam,,,,,,Morocco,,Marrakech - Tensift - Al Haouz,,,,2011,-99,JRC-GSW,-99,-99,,Built 2011,-99,-99,-99,-99,1.175,1.175,-99.0,-99.0,-99.0,18.6,-99.0,-99.0,-99.0,15.8000002,672,87.8000031,966,424,-99,-99.0,Capacity from statistics - Eq 2,,,,,,,,,,,,,,,3: Fair,McGill-BL,-8.47829617999997,31.180102258,,,JRC-GSW,JRC-GSW,0,10052274,Instream,1433379,1121683500.0
37350,,,,Dam,,,,,,Morocco,,Marrakech - Tensift - Al Haouz,,,,2015,-99,JRC-GSW,-99,-99,,Built 2015,-99,-99,-99,-99,4.068,4.068,-99.0,-99.0,-99.0,69.2,-99.0,-99.0,-99.0,17.0,2218,98.9000015,209,1244,-99,-99.0,Capacity from statistics - Eq 2,,,,,,,,,,,,,,,3: Fair,McGill-BL,-9.57262609499998,31.347854914,,,JRC-GSW,JRC-GSW,0,10049174,Instream,1433381,1120133990.0
37351,,,,Dam,,,,,,Morocco,,Chaouia - Ouardigha,,,,2016,-99,JRC-GSW,-99,-99,,Built 2016,-99,-99,-99,-99,0.291,0.291,-99.0,-99.0,-99.0,4.2,-99.0,-99.0,-99.0,14.3999996,78,170.6999969,678,55,-99,-99.0,Capacity from statistics - Eq 2,,,,,,,,,,,,,,,3: Fair,McGill-BL,-6.14497815899995,32.744664302,,,JRC-GSW,JRC-GSW,0,10030581,Instream,1433382,1120116730.0
40185,,,,Dam,,,,,,Ethiopia,,Tigray,,,,2010,-99,JRC-GSW,-99,-99,,Built 2010,-99,-99,-99,-99,0.718,0.718,-99.0,-99.0,-99.0,11.0,-99.0,-99.0,-99.0,15.3000002,81,430.6000061,1623,18,-99,-99.0,Capacity from statistics - Eq 2,,,,,,,,,,,,,,,3: Fair,McGill-BL,38.18552249900010,14.1213674700001,,,JRC-GSW,JRC-GSW,0,10487266,Instream,1433782,1120654830.0
40186,,,,Dam,,,,,,Ethiopia,,Tigray,,,,2014,-99,JRC-GSW,-99,-99,,Built 2014,-99,-99,-99,-99,1.483,1.483,-99.0,-99.0,-99.0,23.8,-99.0,-99.0,-99.0,16.0,512,147.3999939,1476,173,-99,-99.0,Capacity from statistics - Eq 2,,,,,,,,,,,,,,,3: Fair,McGill-BL,38.824406367000100,14.3380111920001,,,JRC-GSW,JRC-GSW,0,10480682,Instream,1433783,1121889790.0
40188,,,,Dam,,,,,,Eritrea,,Maekel,Debub,,,2015,-99,JRC-GSW,-99,-99,,Built 2015,-99,-99,-99,-99,1.172,1.172,-99.0,-99.0,-99.0,18.5,-99.0,-99.0,-99.0,15.8000002,138,425.1000061,2036,98,-99,-99.0,Capacity from statistics - Eq 2,,,,,,,,,,,,,,,3: Fair,McGill-BL,38.808851912000100,15.1899444090001,,,JRC-GSW,JRC-GSW,0,10456353,Instream,1433785,1121878630.0
40189,,,,Dam,,,,,,Eritrea,,Anseba,Gash Barka,,,2016,-99,JRC-GSW,-99,-99,,Built 2016,-99,-99,-99,-99,41.288,41.288,-99.0,-99.0,-99.0,805.4,-99.0,-99.0,-99.0,19.5,10753,237.5,407,16273,-99,-99.0,Capacity from statistics - Eq 2,,,,,,,,,,,,,,,3: Fair,McGill-BL,37.3518912060001,16.026149375,,,JRC-GSW,JRC-GSW,0,10429759,Instream,1433786,1120581710.0
40391,,,,Dam,,,,,,Ethiopia,,Oromia,,,,2010,-99,JRC-GSW,-99,-99,,Built 2010,-99,-99,-99,-99,24.512,24.512,-99.0,-99.0,-99.0,463.7,-99.0,-99.0,-99.0,18.8999996,4949,297.1000061,2211,332,-99,-99.0,Capacity from statistics - Eq 2,,,,,,,,,,,,,,,3: Fair,McGill-BL,37.25436783800010,9.76258471000006,,,JRC-GSW,JRC-GSW,0,10641709,Instream,1433838,1120825630.0
40392,,,,Dam,,,,,,Ethiopia,,Amhara,,,,2016,-99,JRC-GSW,-99,-99,,Built 2016,-99,-99,-99,-99,0.401,0.401,-99.0,-99.0,-99.0,6.0,-99.0,-99.0,-99.0,15.0,36,528.5,3009,7,-99,-99.0,Capacity from statistics - Eq 2,,,,,,,,,,,,,,,3: Fair,McGill-BL,39.193910972,11.611002381,,,JRC-GSW,JRC-GSW,0,10570210,Offstream,1433839,1120754300.0
40394,,,,Dam,,,,,,Ethiopia,,Tigray,,,,2015,-99,JRC-GSW,-99,-99,,Built 2015,-99,-99,-99,-99,1.155,1.155,-99.0,-99.0,-99.0,18.2,-99.0,-99.0,-99.0,15.8000002,840,68.6999969,1828,285,-99,-99.0,Capacity from statistics - Eq 2,,,,,,,,,,,,,,,3: Fair,McGill-BL,39.389821641,13.4061855590001,,,JRC-GSW,JRC-GSW,0,10509328,Instream,1433841,1120682010.0
40395,,,,Dam,,,,,,Ethiopia,,Tigray,,,,2012,-99,JRC-GSW,-99,-99,,Built 2012,-99,-99,-99,-99,0.967,0.967,-99.0,-99.0,-99.0,15.1,-99.0,-99.0,-99.0,15.6000004,193,248.1000061,1365,39,-99,-99.0,Capacity from statistics - Eq 2,,,,,,,,,,,,,,,3: Fair,McGill-BL,38.1604166670001,13.559381436,,,JRC-GSW,JRC-GSW,0,10506120,Instream,1433842,1121900840.0
40396,,,,Dam,,,,,,Ethiopia,,Tigray,,,,2016,-99,JRC-GSW,-99,-99,,Built 2016,-99,-99,-99,-99,0.337,0.337,-99.0,-99.0,-99.0,5.0,-99.0,-99.0,-99.0,14.8000002,229,69.1999969,2136,79,-99,-99.0,Capacity from statistics - Eq 2,,,,,,,,,,,,,,,3: Fair,McGill-BL,39.66064244100010,13.64350011,,,JRC-GSW,JRC-GSW,0,10501798,Instream,1433843,1120672060.0
40398,,Grand Ethiopian Renaissance Dam,"GERD, TalHiGe, Millennium Dam, Hidase Dam",Dam,,Blue Nile,,Nile,,Ethiopia,,Benshangul-Gumaz,,,,2020,-99,Other,-99,-99,,Built 2020,145,-99,1780,-99,1874.0,-99.0,1874.0,-99.0,-99.0,74000.0,74000.0,59200.0,-99.0,39.5,2101227,111.6999969,506,174830,172250,750.0,,,Main,,,,,,,,,Hydroelectricity,,Filling was still ongoing in 2023,https://en.wikipedia.org/wiki/Grand_Ethiopian_Renaissance_Dam,2: Good,McGill-BL,35.092384059,11.21428073,35.0923840591,11.2142807295,GROD,No Polygon,0,10583522,Instream,0,1120766230.0
40399,,,,Dam,,,,,,Ethiopia,,"Southern Nations, Nationalities",,,,2012,-99,JRC-GSW,-99,-99,,Built 2012,-99,-99,-99,-99,13.095,13.095,-99.0,-99.0,-99.0,238.7,-99.0,-99.0,-99.0,18.2000008,777710,1.0,470,49275,-99,-99.0,Capacity from statistics - Eq 2,,,,,,,,,,,,,,,3: Fair,McGill-BL,36.055972826000100,6.30258603100003,,,JRC-GSW,JRC-GSW,0,10799309,Instream,1433844,1120971580.0
40401,,,,Dam,,,,,,Nigeria,,Gombe,,,,2012,-99,JRC-GSW,-99,-99,,Built 2012,-99,-99,-99,-99,0.314,0.314,-99.0,-99.0,-99.0,4.6,-99.0,-99.0,-99.0,14.6000004,142,102.6999969,477,29,-99,-99.0,Capacity from statistics - Eq 2,,,,,,,,,,,,,,,3: Fair,McGill-BL,11.2770210200001,9.82340595000005,,,JRC-GSW,JRC-GSW,0,10638586,Instream,1433846,1121961290.0
40413,,,,Dam,,,,,,Burkina Faso,,Centre-Sud,,,,2015,-99,JRC-GSW,-99,-99,,Built 2015,-99,-99,-99,-99,0.932,0.932,-99.0,-99.0,-99.0,14.5,-99.0,-99.0,-99.0,15.6000004,91,505.2999878,307,42,-99,-99.0,Capacity from statistics - Eq 2,,,,,,,,,,,,,,,3: Fair,McGill-BL,-1.40193026199995,11.918670553,,,JRC-GSW,JRC-GSW,0,10559282,Instream,1433847,1120742210.0
40415,,,,Dam,,,,,,Burkina Faso,,Centre-Nord,,,,2012,-99,JRC-GSW,-99,-99,,Built 2012,-99,-99,-99,-99,19.88,19.88,-99.0,-99.0,-99.0,371.4,-99.0,-99.0,-99.0,18.7000008,662,1779.0,294,3056,-99,-99.0,Capacity from statistics - Eq 2,,,,,,,,,,,,,,,3: Fair,McGill-BL,-1.37419183199995,13.1531535280001,,,JRC-GSW,JRC-GSW,0,10517593,Instream,1433849,1120692610.0
40469,,,,Dam,,,,,,Rwanda,,Amajyepfo,Iburengerazuba,,,2014,-99,JRC-GSW,-99,-99,,Built 2014,-99,-99,-99,-99,3.305,3.305,-99.0,-99.0,-99.0,55.5,-99.0,-99.0,-99.0,16.7999992,23320,7.5,1480,2631,-99,-99.0,Capacity from statistics - Eq 2,,,,,,,,,,,,,,,3: Fair,McGill-BL,29.634745309,-1.99047924699994,,,JRC-GSW,JRC-GSW,0,11052278,Instream,1433864,1122099270.0
40471,,,,Dam,,,,,,Kenya,,Baringo,,,,2013,-99,JRC-GSW,-99,-99,,Built 2013,-99,-99,-99,-99,0.628,0.628,-99.0,-99.0,-99.0,9.6,-99.0,-99.0,-99.0,15.3000002,837,36.4000015,2327,69,-99,-99.0,Capacity from statistics - Eq 2,,,,,,,,,,,,,,,3: Fair,McGill-BL,35.6310752300001,0.088643152000031,,,JRC-GSW,JRC-GSW,0,10989796,Instream,1433866,1121141290.0
40524,,,,Dam,,,,,,Zambia,,Muchinga,,,,2012,-99,JRC-GSW,-99,-99,,Built 2012,-99,-99,-99,-99,0.415,0.415,-99.0,-99.0,-99.0,6.2,-99.0,-99.0,-99.0,14.8999996,15054,1.3,1410,1517,-99,-99.0,Capacity from statistics - Eq 2,,,,,,,,,,,,,,,3: Fair,McGill-BL,31.5540025510001,-11.153961868,,,JRC-GSW,JRC-GSW,0,11218174,Instream,1433873,1122166980.0
40532,,,,Dam,,,,,,Angola,,Cuanza Sul,,,,2013,-99,JRC-GSW,-99,-99,,Built 2013,-99,-99,-99,-99,1.07,1.07,-99.0,-99.0,-99.0,16.8,-99.0,-99.0,-99.0,15.6999998,2997,17.7999992,1234,224,-99,-99.0,Capacity from statistics - Eq 2,,,,,,,,,,,,,,,3: Fair,McGill-BL,15.1326550050001,-10.691662331,,,JRC-GSW,JRC-GSW,0,11210763,Instream,1433876,1121344810.0
40617,,,,Dam,,,,,,Zambia,,Central,,,,2010,-99,JRC-GSW,-99,-99,,Built 2010,-99,-99,-99,-99,0.164,0.164,-99.0,-99.0,-99.0,2.3,-99.0,-99.0,-99.0,14.0,1183,6.1999998,1253,151,-99,-99.0,Capacity from statistics - Eq 2,,,,,,,,,,,,,,,3: Fair,McGill-BL,30.019305049,-13.0519047349999,,,JRC-GSW,JRC-GSW,0,11251831,Instream,1433903,1121385460.0
40621,,,,Dam,,,,,,Zambia,,North-Western,,,,2016,-99,JRC-GSW,-99,-99,,Built 2016,-99,-99,-99,-99,0.613,0.613,-99.0,-99.0,-99.0,9.3,-99.0,-99.0,-99.0,15.1999998,280,105.3000031,1313,36,-99,-99.0,Capacity from statistics - Eq 2,,,,,,,,,,,,,,,3: Fair,McGill-BL,26.1891475530001,-12.43747654,,,JRC-GSW,JRC-GSW,0,11241317,Instream,1433906,1121375330.0
40623,,,,Dam,,,,,,Zambia,,North-Western,,,,2013,-99,JRC-GSW,-99,-99,,Built 2013,-99,-99,-99,-99,19.427,19.427,-99.0,-99.0,-99.0,362.5,-99.0,-99.0,-99.0,18.7000008,1690,680.2000122,1219,190,-99,-99.0,Capacity from statistics - Eq 2,,,,,,,,,,,,,,,3: Fair,McGill-BL,25.348181304,-12.2345264799999,,,JRC-GSW,JRC-GSW,0,11237457,Instream,1433908,1122174940.0
40625,,,,Dam,,,,,,Zambia,,North-Western,,,,2014,-99,JRC-GSW,-99,-99,,Built 2014,-99,-99,-99,-99,10.753,10.753,-99.0,-99.0,-99.0,193.7,-99.0,-99.0,-99.0,18.0,4494,136.6999969,1162,498,-99,-99.0,Capacity from statistics - Eq 2,,,,,,,,,,,,,,,3: Fair,McGill-BL,25.216142382,-12.175212498,,,JRC-GSW,JRC-GSW,0,11236347,Instream,1433910,1121371850.0
40626,,,,Dam,,,,,,Zambia,,North-Western,,,,2016,-99,JRC-GSW,-99,-99,,Built 2016,-99,-99,-99,-99,0.407,0.407,-99.0,-99.0,-99.0,6.0,-99.0,-99.0,-99.0,14.6999998,240,79.3000031,1327,33,-99,-99.0,Capacity from statistics - Eq 2,,,,,,,,,,,,,,,3: Fair,McGill-BL,26.4596095000001,-12.1477414729999,,,JRC-GSW,JRC-GSW,0,11235644,Instream,1433911,1121372090.0
40627,,,,Dam,,,,,,Democratic Republic of the Congo,,Haut-Katanga,,,,2013,-99,JRC-GSW,-99,-99,,Built 2013,-99,-99,-99,-99,1.258,1.258,-99.0,-99.0,-99.0,20.0,-99.0,-99.0,-99.0,15.8999996,1514,41.9000015,1209,264,-99,-99.0,Capacity from statistics - Eq 2,,,,,,,,,,,,,,,3: Fair,McGill-BL,27.4178407160001,-11.753287712,,,JRC-GSW,JRC-GSW,0,11228342,Instream,1433912,1122171340.0
40801,,,,Dam,,,,,,South Africa,,KwaZulu-Natal,,,,2011,-99,JRC-GSW,-99,-99,,Built 2011,-99,-99,-99,-99,2.386,2.386,-99.0,-99.0,-99.0,39.3,-99.0,-99.0,-99.0,16.5,183,681.0,1255,60,-99,-99.0,Capacity from statistics - Eq 2,,,,,,,,,,,,,,,3: Fair,McGill-BL,29.5772695860001,-28.310019552,,,JRC-GSW,JRC-GSW,0,11491305,Instream,1433981,1122285330.0
40802,,,,Dam,,,,,,South Africa,,Free State,KwaZulu-Natal,,,2016,-99,JRC-GSW,-99,-99,,Built 2016,-99,-99,-99,-99,2.004,2.004,-99.0,-99.0,-99.0,32.7,-99.0,-99.0,-99.0,16.2999992,22,4713.2001953,1716,8,-99,-99.0,Capacity from statistics - Eq 2,,,,,,,,,,,,,,,3: Fair,McGill-BL,29.5866689160001,-28.237189454,,,JRC-GSW,JRC-GSW,0,11490258,Offstream,1433982,1122284990.0
40805,,,,Dam,,,,,,South Africa,,Mpumalanga,,,,2016,-99,JRC-GSW,-99,-99,,Built 2016,-99,-99,-99,-99,0.15,0.15,-99.0,-99.0,-99.0,2.1,-99.0,-99.0,-99.0,14.0,1,6659.1000977,1622,1,-99,-99.0,Capacity from statistics - Eq 2,,,,,,,,,,,,,,,3: Fair,McGill-BL,28.5356349960001,-26.152136328,,,JRC-GSW,JRC-GSW,0,11471617,Offstream,1433985,1122275920.0
40807,,,,Dam,,,,,,Botswana,,Central,,,,2013,-99,JRC-GSW,-99,-99,,Built 2013,-99,-99,-99,-99,8.715,8.715,-99.0,-99.0,-99.0,155.1,-99.0,-99.0,-99.0,17.7999992,1277,385.1000061,614,3167,-99,-99.0,Capacity from statistics - Eq 2,,,,,,,,,,,,,,,3: Fair,McGill-BL,28.7008765410001,-22.1771183389999,,,JRC-GSW,JRC-GSW,0,11423728,Instream,1433987,1121547970.0
41029,,,,Dam,,,,,,South Africa,,Eastern Cape,,,,2015,-99,JRC-GSW,-99,-99,,Built 2015,-99,-99,-99,-99,1.261,1.261,-99.0,-99.0,-99.0,20.0,-99.0,-99.0,-99.0,15.8999996,1779,35.5999985,770,153,-99,-99.0,Capacity from statistics - Eq 2,,,,,,,,,,,,,,,3: Fair,McGill-BL,29.747028228,-30.7451691749999,,,JRC-GSW,JRC-GSW,0,11509349,Instream,1434041,1121641760.0
41033,,,,Dam,,,,,,South Africa,,KwaZulu-Natal,,,,2011,-99,JRC-GSW,-99,-99,,Built 2011,-99,-99,-99,-99,1.042,1.042,-99.0,-99.0,-99.0,16.4,-99.0,-99.0,-99.0,15.6999998,1364,38.0999985,1496,136,-99,-99.0,Capacity from statistics - Eq 2,,,,,,,,,,,,,,,3: Fair,McGill-BL,29.53817035,-29.743810373,,,JRC-GSW,JRC-GSW,0,11502289,Instream,1434044,1122290070.0
41034,,,,Dam,,,,,,South Africa,,KwaZulu-Natal,,,,2012,-99,JRC-GSW,-99,-99,,Built 2012,-99,-99,-99,-99,0.153,0.153,-99.0,-99.0,-99.0,2.1,-99.0,-99.0,-99.0,13.6999998,47,141.6999969,1511,5,-99,-99.0,Capacity from statistics - Eq 2,,,,,,,,,,,,,,,3: Fair,McGill-BL,29.5797570510001,-29.7288419129999,,,JRC-GSW,JRC-GSW,0,11502107,Offstream,1434045,1122290300.0
41035,,,,Dam,,,,,,South Africa,,KwaZulu-Natal,,,,2017,-99,JRC-GSW,-99,-99,,Built 2017,-99,-99,-99,-99,0.163,0.163,-99.0,-99.0,-99.0,2.3,-99.0,-99.0,-99.0,14.1000004,139,52.5,1293,22,-99,-99.0,Capacity from statistics - Eq 2,,,,,,,,,,,,,,,3: Fair,McGill-BL,30.036812361,-29.6511606449999,,,JRC-GSW,JRC-GSW,0,11501708,Instream,1434046,1122289980.0
41050,,,,Dam,,,,,,Lesotho,,Maseru,Berea,,,2014,-99,JRC-GSW,-99,-99,,Built 2014,-99,-99,-99,-99,2.177,2.177,-99.0,-99.0,-99.0,35.7,-99.0,-99.0,-99.0,16.3999996,624,181.3999939,1636,272,-99,-99.0,Capacity from statistics - Eq 2,,,,,,,,,,,,,,,3: Fair,McGill-BL,27.7777713790001,-29.3345738739999,,,JRC-GSW,JRC-GSW,0,11499360,Instream,1434048,1122288670.0
41055,,,,Dam,,,,,,South Africa,,Western Cape,,,,2015,-99,JRC-GSW,-99,-99,,Built 2015,-99,-99,-99,-99,0.247,0.247,-99.0,-99.0,-99.0,3.6,-99.0,-99.0,-99.0,14.6000004,509,22.3999996,568,142,-99,-99.0,Capacity from statistics - Eq 2,,,,,,,,,,,,,,,3: Fair,McGill-BL,19.567708333,-33.4348104069999,,,JRC-GSW,JRC-GSW,0,11524736,Instream,1434049,1122299050.0